,url,start,end,subtitle
0,https://www.youtube.com/watch?v=bsFZpLNwueY&index=2&list=PLI6bDyv0uVQBDIuRCrzQGFF2WaXIXvjb5,"00:00:14,117","00:00:20,096",(박수와 환호)
113,https://www.youtube.com/watch?v=bsFZpLNwueY&index=2&list=PLI6bDyv0uVQBDIuRCrzQGFF2WaXIXvjb5,"00:07:03,815","00:07:06,843",연예인은 아주 어렸을 때부터 박수 소리
114,https://www.youtube.com/watch?v=bsFZpLNwueY&index=2&list=PLI6bDyv0uVQBDIuRCrzQGFF2WaXIXvjb5,"00:07:06,843","00:07:10,583",데뷔를 어렸을 때 한 친구들은 박수 소리로 자아가 결정이 돼요
115,https://www.youtube.com/watch?v=bsFZpLNwueY&index=2&list=PLI6bDyv0uVQBDIuRCrzQGFF2WaXIXvjb5,"00:07:10,583","00:07:14,670",여러분이 박수를 크게 쳐주시면 우리는 굉장히 몸집이 부풀려져요
120,https://www.youtube.com/watch?v=bsFZpLNwueY&index=2&list=PLI6bDyv0uVQBDIuRCrzQGFF2WaXIXvjb5,"00:07:27,099","00:07:31,249",아웃풋(output)이 있어야 박수 소리가 있고 인정하는 눈길이 있고
341,https://www.youtube.com/watch?v=bsFZpLNwueY&index=2&list=PLI6bDyv0uVQBDIuRCrzQGFF2WaXIXvjb5,"00:19:53,900","00:19:56,389",(손키스) (박수와 환호)
342,https://www.youtube.com/watch?v=nos-aVtxvGo&index=3&list=PLI6bDyv0uVQBDIuRCrzQGFF2WaXIXvjb5,"00:00:05,300","00:00:10,202",(박수와 환호)
580,https://www.youtube.com/watch?v=gujoyMHgVG4&index=4&list=PLI6bDyv0uVQBDIuRCrzQGFF2WaXIXvjb5,"00:00:08,641","00:00:15,163",(박수와 환호성)
588,https://www.youtube.com/watch?v=gujoyMHgVG4&index=4&list=PLI6bDyv0uVQBDIuRCrzQGFF2WaXIXvjb5,"00:00:54,913","00:01:00,547",(박수! 우와!)
800,https://www.youtube.com/watch?v=gujoyMHgVG4&index=4&list=PLI6bDyv0uVQBDIuRCrzQGFF2WaXIXvjb5,"00:15:50,747","00:15:56,708",(박수)
813,https://www.youtube.com/watch?v=gujoyMHgVG4&index=4&list=PLI6bDyv0uVQBDIuRCrzQGFF2WaXIXvjb5,"00:17:00,389","00:17:01,834",(박수와 환호)
815,https://www.youtube.com/watch?v=RvMjD8Qmnws&list=PLI6bDyv0uVQBDIuRCrzQGFF2WaXIXvjb5&index=5,"00:00:04,851","00:00:14,420",(박수와 환호)
823,https://www.youtube.com/watch?v=RvMjD8Qmnws&list=PLI6bDyv0uVQBDIuRCrzQGFF2WaXIXvjb5&index=5,"00:00:38,131","00:00:39,781",(박수)
924,https://www.youtube.com/watch?v=RvMjD8Qmnws&list=PLI6bDyv0uVQBDIuRCrzQGFF2WaXIXvjb5&index=5,"00:06:48,668","00:06:53,508",(박수)
935,https://www.youtube.com/watch?v=RvMjD8Qmnws&list=PLI6bDyv0uVQBDIuRCrzQGFF2WaXIXvjb5&index=5,"00:07:29,629","00:07:34,509",(박수)
1053,https://www.youtube.com/watch?v=RvMjD8Qmnws&list=PLI6bDyv0uVQBDIuRCrzQGFF2WaXIXvjb5&index=5,"00:14:22,632","00:14:31,672",(박수)
1073,https://www.youtube.com/watch?v=RvMjD8Qmnws&list=PLI6bDyv0uVQBDIuRCrzQGFF2WaXIXvjb5&index=5,"00:15:29,884","00:15:33,535",(박수와 환호)
1074,https://www.youtube.com/watch?v=4RIAXlLt95w&index=6&list=PLI6bDyv0uVQBDIuRCrzQGFF2WaXIXvjb5,"00:00:04,510","00:00:10,074",(박수와 환호)
1368,https://www.youtube.com/watch?v=WCVuo3xUr7U&list=PLI6bDyv0uVQBDIuRCrzQGFF2WaXIXvjb5&index=7,"00:00:11,175","00:00:18,460",(박수와 환호)
2049,https://www.youtube.com/watch?v=qI2-jjMmV8M&index=9&list=PLI6bDyv0uVQBDIuRCrzQGFF2WaXIXvjb5,"00:00:04,355","00:00:13,452",(박수와 환호)
2063,https://www.youtube.com/watch?v=qI2-jjMmV8M&index=9&list=PLI6bDyv0uVQBDIuRCrzQGFF2WaXIXvjb5,"00:00:55,358","00:00:57,962",그렇게 공감하시는 분들  다시 한번 박수로 한 번 응원해 볼까요?
2064,https://www.youtube.com/watch?v=qI2-jjMmV8M&index=9&list=PLI6bDyv0uVQBDIuRCrzQGFF2WaXIXvjb5,"00:00:57,962","00:01:01,751",(박수와 환호) 와우~!
2236,https://www.youtube.com/watch?v=qI2-jjMmV8M&index=9&list=PLI6bDyv0uVQBDIuRCrzQGFF2WaXIXvjb5,"00:10:42,383","00:10:45,813",(울컥) (박수)
2315,https://www.youtube.com/watch?v=qI2-jjMmV8M&index=9&list=PLI6bDyv0uVQBDIuRCrzQGFF2WaXIXvjb5,"00:14:26,360","00:14:27,405",박수 쳐도 돼요
2316,https://www.youtube.com/watch?v=qI2-jjMmV8M&index=9&list=PLI6bDyv0uVQBDIuRCrzQGFF2WaXIXvjb5,"00:14:27,405","00:14:31,675",(박수)
2339,https://www.youtube.com/watch?v=DN8KqorbBMk&index=10&list=PLI6bDyv0uVQBDIuRCrzQGFF2WaXIXvjb5,"00:00:10,290","00:00:14,579",(박수와 환호)
2350,https://www.youtube.com/watch?v=DN8KqorbBMk&index=10&list=PLI6bDyv0uVQBDIuRCrzQGFF2WaXIXvjb5,"00:00:57,457","00:01:01,451",그래서 지금 박수는 저한테 치시는 게 아니고
2356,https://www.youtube.com/watch?v=DN8KqorbBMk&index=10&list=PLI6bDyv0uVQBDIuRCrzQGFF2WaXIXvjb5,"00:01:15,888","00:01:21,737",네 (박수)
2445,https://www.youtube.com/watch?v=DN8KqorbBMk&index=10&list=PLI6bDyv0uVQBDIuRCrzQGFF2WaXIXvjb5,"00:06:15,212","00:06:19,152",(박수)
2454,https://www.youtube.com/watch?v=DN8KqorbBMk&index=10&list=PLI6bDyv0uVQBDIuRCrzQGFF2WaXIXvjb5,"00:06:52,718","00:06:58,336",(박수)
2644,https://www.youtube.com/watch?v=DN8KqorbBMk&index=10&list=PLI6bDyv0uVQBDIuRCrzQGFF2WaXIXvjb5,"00:16:38,559","00:16:40,189",(박수와 환호)
2645,https://www.youtube.com/watch?v=IYxZkfXFo3c&list=PLI6bDyv0uVQBDIuRCrzQGFF2WaXIXvjb5&index=11,"00:00:04,610","00:00:11,364",(박수와 환호)
2647,https://www.youtube.com/watch?v=IYxZkfXFo3c&list=PLI6bDyv0uVQBDIuRCrzQGFF2WaXIXvjb5&index=11,"00:00:22,370","00:00:25,540",(박수와 환호)
2665,https://www.youtube.com/watch?v=IYxZkfXFo3c&list=PLI6bDyv0uVQBDIuRCrzQGFF2WaXIXvjb5&index=11,"00:01:39,281","00:01:44,630","저는 ... (박수) 네, 고맙습니다 (박수)"
2812,https://www.youtube.com/watch?v=IYxZkfXFo3c&list=PLI6bDyv0uVQBDIuRCrzQGFF2WaXIXvjb5&index=11,"00:12:56,429","00:12:59,798",(박수)
2876,https://www.youtube.com/watch?v=IYxZkfXFo3c&list=PLI6bDyv0uVQBDIuRCrzQGFF2WaXIXvjb5&index=11,"00:17:57,554","00:17:59,342",(박수와 환호)
2877,https://www.youtube.com/watch?v=5wfnrEbXsxE&list=PLI6bDyv0uVQBDIuRCrzQGFF2WaXIXvjb5&index=12,"00:00:05,013","00:00:10,053",(박수와 환호)
2901,https://www.youtube.com/watch?v=5wfnrEbXsxE&list=PLI6bDyv0uVQBDIuRCrzQGFF2WaXIXvjb5&index=12,"00:01:40,627","00:01:45,407","""너는 왜 ..."" (환호와 박수) 하하하"
2930,https://www.youtube.com/watch?v=5wfnrEbXsxE&list=PLI6bDyv0uVQBDIuRCrzQGFF2WaXIXvjb5&index=12,"00:03:06,089","00:03:10,471",(박수와 환호)
2948,https://www.youtube.com/watch?v=5wfnrEbXsxE&list=PLI6bDyv0uVQBDIuRCrzQGFF2WaXIXvjb5&index=12,"00:03:56,223","00:03:58,591",(박수와 환호) 막 그러는 거예요
2953,https://www.youtube.com/watch?v=5wfnrEbXsxE&list=PLI6bDyv0uVQBDIuRCrzQGFF2WaXIXvjb5&index=12,"00:04:11,573","00:04:15,083",(박수와 환호)
3093,https://www.youtube.com/watch?v=5wfnrEbXsxE&list=PLI6bDyv0uVQBDIuRCrzQGFF2WaXIXvjb5&index=12,"00:11:17,547","00:11:20,497",(박수와 환호)
3114,https://www.youtube.com/watch?v=5wfnrEbXsxE&list=PLI6bDyv0uVQBDIuRCrzQGFF2WaXIXvjb5&index=12,"00:12:27,469","00:12:31,007",(박수와 환호)
3126,https://www.youtube.com/watch?v=5wfnrEbXsxE&list=PLI6bDyv0uVQBDIuRCrzQGFF2WaXIXvjb5&index=12,"00:13:11,972","00:13:17,183",(박수와 환호)
3140,https://www.youtube.com/watch?v=5wfnrEbXsxE&list=PLI6bDyv0uVQBDIuRCrzQGFF2WaXIXvjb5&index=12,"00:13:57,873","00:14:00,681",박수치지 마세요 이거 뭐 자랑스러운 일도 아니고요
3141,https://www.youtube.com/watch?v=5wfnrEbXsxE&list=PLI6bDyv0uVQBDIuRCrzQGFF2WaXIXvjb5&index=12,"00:14:00,681","00:14:02,732",여러분 박수치면 나 울지도 몰라요
3174,https://www.youtube.com/watch?v=5wfnrEbXsxE&list=PLI6bDyv0uVQBDIuRCrzQGFF2WaXIXvjb5&index=12,"00:15:39,737","00:15:47,150",(박수와 환호)
3196,https://www.youtube.com/watch?v=5wfnrEbXsxE&list=PLI6bDyv0uVQBDIuRCrzQGFF2WaXIXvjb5&index=12,"00:16:55,606","00:16:56,799",(박수와 환호)
3197,https://www.youtube.com/watch?v=qMR6q4GE-H8&list=PLI6bDyv0uVQBDIuRCrzQGFF2WaXIXvjb5&index=13,"00:00:10,460","00:00:20,000",(박수와 함성)
3260,https://www.youtube.com/watch?v=qMR6q4GE-H8&list=PLI6bDyv0uVQBDIuRCrzQGFF2WaXIXvjb5&index=13,"00:04:35,456","00:04:40,284",(박수와 웃음)
3451,https://www.youtube.com/watch?v=qMR6q4GE-H8&list=PLI6bDyv0uVQBDIuRCrzQGFF2WaXIXvjb5&index=13,"00:16:13,683","00:16:15,823",(박수와 환호)
3712,https://www.youtube.com/watch?v=GhbTQenkOA4&index=14&list=PLI6bDyv0uVQBDIuRCrzQGFF2WaXIXvjb5,"00:15:29,405","00:15:35,327",(박수)
3713,https://www.youtube.com/watch?v=g7JDyhS7Ahk&index=15&list=PLI6bDyv0uVQBDIuRCrzQGFF2WaXIXvjb5,"00:00:15,941","00:00:20,680",(박수와 환호)
3869,https://www.youtube.com/watch?v=g7JDyhS7Ahk&index=15&list=PLI6bDyv0uVQBDIuRCrzQGFF2WaXIXvjb5,"00:10:17,856","00:10:20,780",아니 이런 박수 받고 싶지 않아요
3870,https://www.youtube.com/watch?v=g7JDyhS7Ahk&index=15&list=PLI6bDyv0uVQBDIuRCrzQGFF2WaXIXvjb5,"00:10:20,780","00:10:25,020",(박수와 환호)
3966,https://www.youtube.com/watch?v=2M9jJJqugvY&list=PLI6bDyv0uVQBDIuRCrzQGFF2WaXIXvjb5&index=16,"00:00:05,052","00:00:10,360",(박수와 환호)
4294,https://www.youtube.com/watch?v=2M9jJJqugvY&list=PLI6bDyv0uVQBDIuRCrzQGFF2WaXIXvjb5&index=16,"00:15:55,083","00:15:56,449",(박수)
4582,https://www.youtube.com/watch?v=AjkRxUjkTWE&index=18&list=PLI6bDyv0uVQBDIuRCrzQGFF2WaXIXvjb5,"00:00:04,967","00:00:10,029",(박수와 환호)
5211,https://www.youtube.com/watch?v=sFe6KEWsYuU&list=PLI6bDyv0uVQBDIuRCrzQGFF2WaXIXvjb5&index=20,"00:12:08,969","00:12:13,636",(웃음과 박수)
5218,https://www.youtube.com/watch?v=sFe6KEWsYuU&list=PLI6bDyv0uVQBDIuRCrzQGFF2WaXIXvjb5&index=20,"00:12:40,205","00:12:42,702",(박수)
5239,https://www.youtube.com/watch?v=sFe6KEWsYuU&list=PLI6bDyv0uVQBDIuRCrzQGFF2WaXIXvjb5&index=20,"00:14:01,114","00:14:03,390",(박수)
5271,https://www.youtube.com/watch?v=YjCJNxE0xfo&index=21&list=PLI6bDyv0uVQBDIuRCrzQGFF2WaXIXvjb5,"00:00:20,741","00:00:23,631",(박수)
5436,https://www.youtube.com/watch?v=YjCJNxE0xfo&index=21&list=PLI6bDyv0uVQBDIuRCrzQGFF2WaXIXvjb5,"00:10:53,400","00:10:57,880",(웃음과 박수)
5450,https://www.youtube.com/watch?v=YjCJNxE0xfo&index=21&list=PLI6bDyv0uVQBDIuRCrzQGFF2WaXIXvjb5,"00:11:54,489","00:11:56,269",(박수)
5683,https://www.youtube.com/watch?v=UFycbeuC5TM&index=22&list=PLI6bDyv0uVQBDIuRCrzQGFF2WaXIXvjb5,"00:13:21,131","00:13:24,001",박수 소리 자체가 틀려요
5716,https://www.youtube.com/watch?v=qF5eNU85Yz8&list=PLI6bDyv0uVQBDIuRCrzQGFF2WaXIXvjb5&index=23,"00:00:01,133","00:00:08,340",(관객 : 박수)
5933,https://www.youtube.com/watch?v=S27Z_-S_aLI&index=24&list=PLI6bDyv0uVQBDIuRCrzQGFF2WaXIXvjb5,"00:00:58,198","00:01:02,928",(격려의 박수)
6113,https://www.youtube.com/watch?v=S27Z_-S_aLI&index=24&list=PLI6bDyv0uVQBDIuRCrzQGFF2WaXIXvjb5,"00:14:16,425","00:14:21,522",(박수와 환호)
6163,https://www.youtube.com/watch?v=1Y4fnr-mrGw&list=PLI6bDyv0uVQBDIuRCrzQGFF2WaXIXvjb5&index=25,"00:01:20,919","00:01:24,968",(박수 소리)
6173,https://www.youtube.com/watch?v=1Y4fnr-mrGw&list=PLI6bDyv0uVQBDIuRCrzQGFF2WaXIXvjb5&index=25,"00:01:57,116","00:02:02,644",(박수소리)
6263,https://www.youtube.com/watch?v=1Y4fnr-mrGw&list=PLI6bDyv0uVQBDIuRCrzQGFF2WaXIXvjb5&index=25,"00:07:22,486","00:07:26,925",(박수 소리)
6341,https://www.youtube.com/watch?v=1Y4fnr-mrGw&list=PLI6bDyv0uVQBDIuRCrzQGFF2WaXIXvjb5&index=25,"00:11:34,796","00:11:36,580",(박수 소리)
6366,https://www.youtube.com/watch?v=1Y4fnr-mrGw&list=PLI6bDyv0uVQBDIuRCrzQGFF2WaXIXvjb5&index=25,"00:12:48,502","00:12:49,732",(박수 소리)
6425,https://www.youtube.com/watch?v=hq8QMn33F-s&list=PLI6bDyv0uVQBDIuRCrzQGFF2WaXIXvjb5&index=26,"00:01:20,919","00:01:24,968",(박수 소리)
6435,https://www.youtube.com/watch?v=hq8QMn33F-s&list=PLI6bDyv0uVQBDIuRCrzQGFF2WaXIXvjb5&index=26,"00:01:57,116","00:02:02,644",(박수소리)
6525,https://www.youtube.com/watch?v=hq8QMn33F-s&list=PLI6bDyv0uVQBDIuRCrzQGFF2WaXIXvjb5&index=26,"00:07:22,486","00:07:26,925",(박수 소리)
6603,https://www.youtube.com/watch?v=hq8QMn33F-s&list=PLI6bDyv0uVQBDIuRCrzQGFF2WaXIXvjb5&index=26,"00:11:34,796","00:11:36,580",(박수 소리)
6628,https://www.youtube.com/watch?v=hq8QMn33F-s&list=PLI6bDyv0uVQBDIuRCrzQGFF2WaXIXvjb5&index=26,"00:12:48,502","00:12:49,732",(박수 소리)
6745,https://www.youtube.com/watch?v=mknNRMAc0Zg&index=27&list=PLI6bDyv0uVQBDIuRCrzQGFF2WaXIXvjb5,"00:04:13,433","00:04:18,366",(박수)
6831,https://www.youtube.com/watch?v=mknNRMAc0Zg&index=27&list=PLI6bDyv0uVQBDIuRCrzQGFF2WaXIXvjb5,"00:08:52,541","00:08:59,236",(박수) 네.. 감사합니다.
6857,https://www.youtube.com/watch?v=mknNRMAc0Zg&index=27&list=PLI6bDyv0uVQBDIuRCrzQGFF2WaXIXvjb5,"00:10:23,396","00:10:30,367",(박수)
6878,https://www.youtube.com/watch?v=mknNRMAc0Zg&index=27&list=PLI6bDyv0uVQBDIuRCrzQGFF2WaXIXvjb5,"00:11:41,110","00:11:42,964",(박수)
6880,https://www.youtube.com/watch?v=mknNRMAc0Zg&index=27&list=PLI6bDyv0uVQBDIuRCrzQGFF2WaXIXvjb5,"00:11:46,366","00:11:50,637","(박수, 환호)"
6887,https://www.youtube.com/watch?v=bMz2ckG4VGE&index=28&list=PLI6bDyv0uVQBDIuRCrzQGFF2WaXIXvjb5,"00:00:05,551","00:00:08,991",(박수와 환호)
7004,https://www.youtube.com/watch?v=bMz2ckG4VGE&index=28&list=PLI6bDyv0uVQBDIuRCrzQGFF2WaXIXvjb5,"00:07:47,876","00:07:49,286",(박수)
7123,https://www.youtube.com/watch?v=Y-oWM8YInjQ&list=PLI6bDyv0uVQBDIuRCrzQGFF2WaXIXvjb5&index=29,"00:00:09,607","00:00:13,500",(박수와 환호)
7127,https://www.youtube.com/watch?v=Y-oWM8YInjQ&list=PLI6bDyv0uVQBDIuRCrzQGFF2WaXIXvjb5&index=29,"00:00:23,954","00:00:26,394",(박수와 환호)
7209,https://www.youtube.com/watch?v=Y-oWM8YInjQ&list=PLI6bDyv0uVQBDIuRCrzQGFF2WaXIXvjb5&index=29,"00:05:06,495","00:05:08,897",(박수와 환호)
7355,https://www.youtube.com/watch?v=Y-oWM8YInjQ&list=PLI6bDyv0uVQBDIuRCrzQGFF2WaXIXvjb5&index=29,"00:13:49,608","00:13:52,538",(박수와 환호)
7393,https://www.youtube.com/watch?v=Y-oWM8YInjQ&list=PLI6bDyv0uVQBDIuRCrzQGFF2WaXIXvjb5&index=29,"00:15:44,906","00:15:47,306",(박수와 환호)
7557,https://www.youtube.com/watch?v=87wXpvbT5-A&index=30&list=PLI6bDyv0uVQBDIuRCrzQGFF2WaXIXvjb5,"00:13:00,385","00:13:03,045",(박수)
7575,https://www.youtube.com/watch?v=87wXpvbT5-A&index=30&list=PLI6bDyv0uVQBDIuRCrzQGFF2WaXIXvjb5,"00:14:46,206","00:14:48,686",(박수)
7602,https://www.youtube.com/watch?v=3ppXm07eDFw&list=PLI6bDyv0uVQBDIuRCrzQGFF2WaXIXvjb5&index=31,"00:00:06,252","00:00:11,516",(박수와 환호)
7666,https://www.youtube.com/watch?v=3ppXm07eDFw&list=PLI6bDyv0uVQBDIuRCrzQGFF2WaXIXvjb5&index=31,"00:04:37,484","00:04:42,510",(환호와 박수)
7670,https://www.youtube.com/watch?v=3ppXm07eDFw&list=PLI6bDyv0uVQBDIuRCrzQGFF2WaXIXvjb5&index=31,"00:04:58,709","00:05:01,499",(박수와 환호)
7759,https://www.youtube.com/watch?v=3ppXm07eDFw&list=PLI6bDyv0uVQBDIuRCrzQGFF2WaXIXvjb5&index=31,"00:10:54,487","00:10:58,050",(박수와 환호)
7822,https://www.youtube.com/watch?v=3ppXm07eDFw&list=PLI6bDyv0uVQBDIuRCrzQGFF2WaXIXvjb5&index=31,"00:15:07,004","00:15:10,504",(박수와 환호)
7826,https://www.youtube.com/watch?v=JnQ_aELbkQI&index=32&list=PLI6bDyv0uVQBDIuRCrzQGFF2WaXIXvjb5,"00:00:08,688","00:00:15,759",(박수와 환호)
7874,https://www.youtube.com/watch?v=JnQ_aELbkQI&index=32&list=PLI6bDyv0uVQBDIuRCrzQGFF2WaXIXvjb5,"00:03:31,718","00:03:33,706",이럴 때는 좀 박수를 해주셔야
7875,https://www.youtube.com/watch?v=JnQ_aELbkQI&index=32&list=PLI6bDyv0uVQBDIuRCrzQGFF2WaXIXvjb5,"00:03:33,706","00:03:37,956",(박수와 환호)
7900,https://www.youtube.com/watch?v=JnQ_aELbkQI&index=32&list=PLI6bDyv0uVQBDIuRCrzQGFF2WaXIXvjb5,"00:05:24,451","00:05:29,235",(박수와 환호)
7959,https://www.youtube.com/watch?v=JnQ_aELbkQI&index=32&list=PLI6bDyv0uVQBDIuRCrzQGFF2WaXIXvjb5,"00:09:32,033","00:09:34,139",여기서도 이렇게 박수가 좀  나와야 되는 분위기인데...
7960,https://www.youtube.com/watch?v=JnQ_aELbkQI&index=32&list=PLI6bDyv0uVQBDIuRCrzQGFF2WaXIXvjb5,"00:09:34,139","00:09:39,633",(박수와 환호)
7989,https://www.youtube.com/watch?v=JnQ_aELbkQI&index=32&list=PLI6bDyv0uVQBDIuRCrzQGFF2WaXIXvjb5,"00:11:38,939","00:11:42,299",(박수)
8031,https://www.youtube.com/watch?v=E_drRaOKQEk&list=PLI6bDyv0uVQBDIuRCrzQGFF2WaXIXvjb5&index=33,"00:00:05,488","00:00:09,506",(박수)
8416,https://www.youtube.com/watch?v=ufU8kxiEkwg&list=PLI6bDyv0uVQBDIuRCrzQGFF2WaXIXvjb5&index=34,"00:12:32,836","00:12:37,130",(박수)
8417,https://www.youtube.com/watch?v=ufU8kxiEkwg&list=PLI6bDyv0uVQBDIuRCrzQGFF2WaXIXvjb5&index=34,"00:12:38,240","00:12:41,236",박수 너무 많이 쳐 주시네요
8428,https://www.youtube.com/watch?v=ufU8kxiEkwg&list=PLI6bDyv0uVQBDIuRCrzQGFF2WaXIXvjb5&index=34,"00:13:41,476","00:13:47,021",(박수)
8451,https://www.youtube.com/watch?v=ufU8kxiEkwg&list=PLI6bDyv0uVQBDIuRCrzQGFF2WaXIXvjb5&index=34,"00:15:35,526","00:15:39,755",(박수와 환호)
8470,https://www.youtube.com/watch?v=TqggAb53gxw&list=PLI6bDyv0uVQBDIuRCrzQGFF2WaXIXvjb5&index=35,"00:00:05,360","00:00:11,198",(박수와 환호)
8797,https://www.youtube.com/watch?v=l03KMIGT5Uk&list=PLI6bDyv0uVQBDIuRCrzQGFF2WaXIXvjb5&index=36,"00:05:17,777","00:05:18,518",(박수)
8918,https://www.youtube.com/watch?v=l03KMIGT5Uk&list=PLI6bDyv0uVQBDIuRCrzQGFF2WaXIXvjb5&index=36,"00:12:41,820","00:12:45,910",(박수)
9228,https://www.youtube.com/watch?v=TexGz7w4Kd4&index=38&list=PLI6bDyv0uVQBDIuRCrzQGFF2WaXIXvjb5,"00:00:13,802","00:00:17,042",(박수)
9440,https://www.youtube.com/watch?v=TexGz7w4Kd4&index=38&list=PLI6bDyv0uVQBDIuRCrzQGFF2WaXIXvjb5,"00:16:09,895","00:16:14,205",(박수와 환호)
9460,https://www.youtube.com/watch?v=Dd1k0toSfOk&list=PLI6bDyv0uVQBDIuRCrzQGFF2WaXIXvjb5&index=39,"00:00:08,830","00:00:14,244",(박수와 환호)
9465,https://www.youtube.com/watch?v=Dd1k0toSfOk&list=PLI6bDyv0uVQBDIuRCrzQGFF2WaXIXvjb5&index=39,"00:00:25,233","00:00:27,533",(박수와 환호)
9506,https://www.youtube.com/watch?v=Dd1k0toSfOk&list=PLI6bDyv0uVQBDIuRCrzQGFF2WaXIXvjb5&index=39,"00:02:56,933","00:03:00,712",여덞 살 정화가 보면 되게 좋아하겠네요 박수를 치고 있으니까
9659,https://www.youtube.com/watch?v=Dd1k0toSfOk&list=PLI6bDyv0uVQBDIuRCrzQGFF2WaXIXvjb5&index=39,"00:12:33,142","00:12:37,722",(박수)
9660,https://www.youtube.com/watch?v=Dd1k0toSfOk&list=PLI6bDyv0uVQBDIuRCrzQGFF2WaXIXvjb5&index=39,"00:15:36,840","00:15:41,700",(박수)
9664,https://www.youtube.com/watch?v=Dd1k0toSfOk&list=PLI6bDyv0uVQBDIuRCrzQGFF2WaXIXvjb5&index=39,"00:15:52,539","00:15:56,319",(박수와 환호)
9683,https://www.youtube.com/watch?v=Xh6IrVHSmHs&index=40&list=PLI6bDyv0uVQBDIuRCrzQGFF2WaXIXvjb5,"00:00:05,283","00:00:11,862",(박수)
9846,https://www.youtube.com/watch?v=Xh6IrVHSmHs&index=40&list=PLI6bDyv0uVQBDIuRCrzQGFF2WaXIXvjb5,"00:13:41,579","00:13:47,039",(박수)
10155,https://www.youtube.com/watch?v=euefb-dITbo&list=PLI6bDyv0uVQBDIuRCrzQGFF2WaXIXvjb5&index=42,"00:00:04,611","00:00:13,765",(박수와 환호)
10172,https://www.youtube.com/watch?v=euefb-dITbo&list=PLI6bDyv0uVQBDIuRCrzQGFF2WaXIXvjb5&index=42,"00:01:06,987","00:01:11,182",(박수와 환호)
10372,https://www.youtube.com/watch?v=euefb-dITbo&list=PLI6bDyv0uVQBDIuRCrzQGFF2WaXIXvjb5&index=42,"00:13:38,234","00:13:41,638",(박수와 환호)
10406,https://www.youtube.com/watch?v=euefb-dITbo&list=PLI6bDyv0uVQBDIuRCrzQGFF2WaXIXvjb5&index=42,"00:15:44,669","00:15:50,771",(박수)
10939,https://www.youtube.com/watch?v=re7PbMUNJLk&list=PLI6bDyv0uVQBDIuRCrzQGFF2WaXIXvjb5&index=45,"00:00:08,651","00:00:13,668",(박수)
11097,https://www.youtube.com/watch?v=re7PbMUNJLk&list=PLI6bDyv0uVQBDIuRCrzQGFF2WaXIXvjb5&index=45,"00:10:42,690","00:10:46,139",(박수)
11120,https://www.youtube.com/watch?v=re7PbMUNJLk&list=PLI6bDyv0uVQBDIuRCrzQGFF2WaXIXvjb5&index=45,"00:12:08,678","00:12:13,783",(박수)
11203,https://www.youtube.com/watch?v=7SNGN_stO-o&list=PLI6bDyv0uVQBDIuRCrzQGFF2WaXIXvjb5&index=46,"00:00:05,172","00:00:10,926",(박수와 환호)
11393,https://www.youtube.com/watch?v=uNDj3YledkQ&list=PLI6bDyv0uVQBDIuRCrzQGFF2WaXIXvjb5&index=47,"00:00:07,880","00:00:12,989",(박수)
11398,https://www.youtube.com/watch?v=uNDj3YledkQ&list=PLI6bDyv0uVQBDIuRCrzQGFF2WaXIXvjb5&index=47,"00:00:24,503","00:00:29,493",(박수)
11683,https://www.youtube.com/watch?v=zCDaAhWxQ2Q&index=103&list=PLI6bDyv0uVQBDIuRCrzQGFF2WaXIXvjb5,"00:00:01,294","00:00:08,740",(박수)
11766,https://www.youtube.com/watch?v=zCDaAhWxQ2Q&index=103&list=PLI6bDyv0uVQBDIuRCrzQGFF2WaXIXvjb5,"00:05:31,674","00:05:33,606",(관객 : 박수)
11804,https://www.youtube.com/watch?v=zCDaAhWxQ2Q&index=103&list=PLI6bDyv0uVQBDIuRCrzQGFF2WaXIXvjb5,"00:07:39,673","00:07:48,703",(관객 : 박수)
11859,https://www.youtube.com/watch?v=zCDaAhWxQ2Q&index=103&list=PLI6bDyv0uVQBDIuRCrzQGFF2WaXIXvjb5,"00:10:51,008","00:10:53,493",끝나고 나서 제가 막 박수를 치면서
11898,https://www.youtube.com/watch?v=zCDaAhWxQ2Q&index=103&list=PLI6bDyv0uVQBDIuRCrzQGFF2WaXIXvjb5,"00:12:52,772","00:12:57,041",(관객 : 박수)
11900,https://www.youtube.com/watch?v=zCDaAhWxQ2Q&index=103&list=PLI6bDyv0uVQBDIuRCrzQGFF2WaXIXvjb5,"00:13:01,272","00:13:07,450",(관객 : 박수)
11943,https://www.youtube.com/watch?v=zCDaAhWxQ2Q&index=103&list=PLI6bDyv0uVQBDIuRCrzQGFF2WaXIXvjb5,"00:15:26,417","00:15:31,681",(관객 : 박수)
12084,https://www.youtube.com/watch?v=Nu1nMc3g3Uk&index=49&list=PLI6bDyv0uVQBDIuRCrzQGFF2WaXIXvjb5,"00:07:32,775","00:07:36,399",(박수)
12106,https://www.youtube.com/watch?v=Nu1nMc3g3Uk&index=49&list=PLI6bDyv0uVQBDIuRCrzQGFF2WaXIXvjb5,"00:08:38,236","00:08:42,378",(웃음과 박수)
12181,https://www.youtube.com/watch?v=Nu1nMc3g3Uk&index=49&list=PLI6bDyv0uVQBDIuRCrzQGFF2WaXIXvjb5,"00:13:02,742","00:13:07,626",(박수)
12372,https://www.youtube.com/watch?v=ozdt_rTL57A&list=PLI6bDyv0uVQBDIuRCrzQGFF2WaXIXvjb5&index=50,"00:08:29,274","00:08:32,944",(박수)
12422,https://www.youtube.com/watch?v=ozdt_rTL57A&list=PLI6bDyv0uVQBDIuRCrzQGFF2WaXIXvjb5&index=50,"00:12:35,066","00:12:38,986",(박수)
13090,https://www.youtube.com/watch?v=miJhrWBHhwo&index=52&list=PLI6bDyv0uVQBDIuRCrzQGFF2WaXIXvjb5,"00:13:20,067","00:13:23,216",(박수)
13095,https://www.youtube.com/watch?v=miJhrWBHhwo&index=52&list=PLI6bDyv0uVQBDIuRCrzQGFF2WaXIXvjb5,"00:13:42,070","00:13:43,470",(박수)
13149,https://www.youtube.com/watch?v=miJhrWBHhwo&index=52&list=PLI6bDyv0uVQBDIuRCrzQGFF2WaXIXvjb5,"00:16:32,183","00:16:35,899",(웃음과 박수)
13458,https://www.youtube.com/watch?v=az3RmsPeVT0&list=PLI6bDyv0uVQBDIuRCrzQGFF2WaXIXvjb5&index=54,"00:00:09,597","00:00:12,247",(박수)
13460,https://www.youtube.com/watch?v=az3RmsPeVT0&list=PLI6bDyv0uVQBDIuRCrzQGFF2WaXIXvjb5&index=54,"00:00:14,497","00:00:17,147",(박수)
13462,https://www.youtube.com/watch?v=az3RmsPeVT0&list=PLI6bDyv0uVQBDIuRCrzQGFF2WaXIXvjb5&index=54,"00:00:21,116","00:00:24,196",(박수)
13753,https://www.youtube.com/watch?v=az3RmsPeVT0&list=PLI6bDyv0uVQBDIuRCrzQGFF2WaXIXvjb5&index=54,"00:14:57,269","00:15:00,455",(박수)
13760,https://www.youtube.com/watch?v=myQeHo6IRv8&index=55&list=PLI6bDyv0uVQBDIuRCrzQGFF2WaXIXvjb5,"00:00:05,620","00:00:08,679",(박수와 환호)
14287,https://www.youtube.com/watch?v=4vf71p7VnB8&list=PLI6bDyv0uVQBDIuRCrzQGFF2WaXIXvjb5&index=57,"00:00:09,690","00:00:16,249",(박수와 환호)
14292,https://www.youtube.com/watch?v=4vf71p7VnB8&list=PLI6bDyv0uVQBDIuRCrzQGFF2WaXIXvjb5&index=57,"00:00:27,068","00:00:29,978",(박수)
14411,https://www.youtube.com/watch?v=4vf71p7VnB8&list=PLI6bDyv0uVQBDIuRCrzQGFF2WaXIXvjb5&index=57,"00:06:05,031","00:06:07,017",박수 칠 준비를 딱 하고 있는 거에요
14597,https://www.youtube.com/watch?v=W1FP7TVg7ew&list=PLI6bDyv0uVQBDIuRCrzQGFF2WaXIXvjb5&index=104,"00:00:03,990","00:00:10,785",(박수)
14907,https://www.youtube.com/watch?v=CxFecE30_Q4&index=59&list=PLI6bDyv0uVQBDIuRCrzQGFF2WaXIXvjb5,"00:00:08,200","00:00:14,548",(박수 및 환호)
14909,https://www.youtube.com/watch?v=CxFecE30_Q4&index=59&list=PLI6bDyv0uVQBDIuRCrzQGFF2WaXIXvjb5,"00:00:24,949","00:00:28,947",(박수)
14912,https://www.youtube.com/watch?v=CxFecE30_Q4&index=59&list=PLI6bDyv0uVQBDIuRCrzQGFF2WaXIXvjb5,"00:00:34,273","00:00:37,733",(박수)
14955,https://www.youtube.com/watch?v=CxFecE30_Q4&index=59&list=PLI6bDyv0uVQBDIuRCrzQGFF2WaXIXvjb5,"00:02:30,789","00:02:34,369",선생님이 애들을 기립을 시켜서 기립박수를 치게 하는 거예요
14992,https://www.youtube.com/watch?v=CxFecE30_Q4&index=59&list=PLI6bDyv0uVQBDIuRCrzQGFF2WaXIXvjb5,"00:04:10,787","00:04:18,084",(웃음 및 박수)
14997,https://www.youtube.com/watch?v=CxFecE30_Q4&index=59&list=PLI6bDyv0uVQBDIuRCrzQGFF2WaXIXvjb5,"00:04:31,600","00:04:34,803",(박수 및 환호)
14999,https://www.youtube.com/watch?v=CxFecE30_Q4&index=59&list=PLI6bDyv0uVQBDIuRCrzQGFF2WaXIXvjb5,"00:04:39,730","00:04:52,527",(간주 및 박수)
15030,https://www.youtube.com/watch?v=CxFecE30_Q4&index=59&list=PLI6bDyv0uVQBDIuRCrzQGFF2WaXIXvjb5,"00:07:32,616","00:07:39,220",(박수 및 환호)
15032,https://www.youtube.com/watch?v=CxFecE30_Q4&index=59&list=PLI6bDyv0uVQBDIuRCrzQGFF2WaXIXvjb5,"00:07:40,143","00:07:45,687",(박수 및 환호)
15112,https://www.youtube.com/watch?v=CxFecE30_Q4&index=59&list=PLI6bDyv0uVQBDIuRCrzQGFF2WaXIXvjb5,"00:11:46,216","00:11:48,136",그 초등학교 2학년 때  기립박수와
15171,https://www.youtube.com/watch?v=CxFecE30_Q4&index=59&list=PLI6bDyv0uVQBDIuRCrzQGFF2WaXIXvjb5,"00:14:45,447","00:14:48,498",(박수)
15197,https://www.youtube.com/watch?v=CxFecE30_Q4&index=59&list=PLI6bDyv0uVQBDIuRCrzQGFF2WaXIXvjb5,"00:18:48,773","00:19:18,947",(박수 및 환호)
15200,https://www.youtube.com/watch?v=CxFecE30_Q4&index=59&list=PLI6bDyv0uVQBDIuRCrzQGFF2WaXIXvjb5,"00:19:28,187","00:19:32,270",(박수 및 환호)
15202,https://www.youtube.com/watch?v=CxFecE30_Q4&index=59&list=PLI6bDyv0uVQBDIuRCrzQGFF2WaXIXvjb5,"00:19:34,700","00:19:40,967",(박수 및 환호)
15212,https://www.youtube.com/watch?v=CxFecE30_Q4&index=59&list=PLI6bDyv0uVQBDIuRCrzQGFF2WaXIXvjb5,"00:20:12,135","00:20:16,919",(박수 및 환호)
15234,https://www.youtube.com/watch?v=CxFecE30_Q4&index=59&list=PLI6bDyv0uVQBDIuRCrzQGFF2WaXIXvjb5,"00:22:45,019","00:22:47,845",워 ~ 예 (박수 및 환호)
15262,https://www.youtube.com/watch?v=CxFecE30_Q4&index=59&list=PLI6bDyv0uVQBDIuRCrzQGFF2WaXIXvjb5,"00:25:07,637","00:25:19,531",워 ~ 어 (박수 및 환호)
15265,https://www.youtube.com/watch?v=CxFecE30_Q4&index=59&list=PLI6bDyv0uVQBDIuRCrzQGFF2WaXIXvjb5,"00:25:30,640","00:25:33,527",(박수 및 환호)
15266,https://www.youtube.com/watch?v=EAWMAgjyJvc&list=PLI6bDyv0uVQBDIuRCrzQGFF2WaXIXvjb5&index=60,"00:00:06,194","00:00:10,541",(박수)
15567,https://www.youtube.com/watch?v=CkPESgYjL6U&list=PLI6bDyv0uVQBDIuRCrzQGFF2WaXIXvjb5&index=61,"00:00:04,252","00:00:10,758",(박수와 환호)
15570,https://www.youtube.com/watch?v=CkPESgYjL6U&list=PLI6bDyv0uVQBDIuRCrzQGFF2WaXIXvjb5&index=61,"00:00:18,871","00:00:23,741",(박수와 환호)
15633,https://www.youtube.com/watch?v=CkPESgYjL6U&list=PLI6bDyv0uVQBDIuRCrzQGFF2WaXIXvjb5&index=61,"00:03:55,023","00:04:02,493",(박수와 환호)
15654,https://www.youtube.com/watch?v=CkPESgYjL6U&list=PLI6bDyv0uVQBDIuRCrzQGFF2WaXIXvjb5&index=61,"00:05:24,276","00:05:28,416",네 감사합니다 (박수)
15744,https://www.youtube.com/watch?v=CkPESgYjL6U&list=PLI6bDyv0uVQBDIuRCrzQGFF2WaXIXvjb5&index=61,"00:10:36,744","00:10:42,534",(박수)
15757,https://www.youtube.com/watch?v=CkPESgYjL6U&list=PLI6bDyv0uVQBDIuRCrzQGFF2WaXIXvjb5&index=61,"00:11:24,853","00:11:31,223",(박수) 감사합니다
15774,https://www.youtube.com/watch?v=CkPESgYjL6U&list=PLI6bDyv0uVQBDIuRCrzQGFF2WaXIXvjb5&index=61,"00:12:39,077","00:12:44,947",(박수)
15796,https://www.youtube.com/watch?v=CkPESgYjL6U&list=PLI6bDyv0uVQBDIuRCrzQGFF2WaXIXvjb5&index=61,"00:14:07,754","00:14:11,794",(박수)
15802,https://www.youtube.com/watch?v=IAXDfkrEalE&index=62&list=PLI6bDyv0uVQBDIuRCrzQGFF2WaXIXvjb5,"00:00:07,857","00:00:21,941",(박수와 환호)
15915,https://www.youtube.com/watch?v=IAXDfkrEalE&index=62&list=PLI6bDyv0uVQBDIuRCrzQGFF2WaXIXvjb5,"00:06:30,708","00:06:35,578",(박수)
15981,https://www.youtube.com/watch?v=IAXDfkrEalE&index=62&list=PLI6bDyv0uVQBDIuRCrzQGFF2WaXIXvjb5,"00:10:07,161","00:10:11,205",말이라는 게 잘하면 박수받고 좋은데  못하면 얼마나 사람들 상처주고
16033,https://www.youtube.com/watch?v=IAXDfkrEalE&index=62&list=PLI6bDyv0uVQBDIuRCrzQGFF2WaXIXvjb5,"00:12:51,462","00:12:55,309",(박수와 환호)
16034,https://www.youtube.com/watch?v=IAXDfkrEalE&index=62&list=PLI6bDyv0uVQBDIuRCrzQGFF2WaXIXvjb5,"00:12:56,782","00:12:59,391",저는 이 박수도 되게  감사하면서도 부끄럽거든요
16077,https://www.youtube.com/watch?v=IAXDfkrEalE&index=62&list=PLI6bDyv0uVQBDIuRCrzQGFF2WaXIXvjb5,"00:15:24,145","00:15:31,463",(박수와 환호)
16093,https://www.youtube.com/watch?v=IAXDfkrEalE&index=62&list=PLI6bDyv0uVQBDIuRCrzQGFF2WaXIXvjb5,"00:16:26,450","00:16:31,990",(박수와 환호)
16095,https://www.youtube.com/watch?v=IAXDfkrEalE&index=62&list=PLI6bDyv0uVQBDIuRCrzQGFF2WaXIXvjb5,"00:16:36,862","00:16:39,932",(박수)
16096,https://www.youtube.com/watch?v=IAXDfkrEalE&index=62&list=PLI6bDyv0uVQBDIuRCrzQGFF2WaXIXvjb5,"00:16:39,932","00:16:43,207",저 닮으면 어떡하려고 박수 치세요?
16112,https://www.youtube.com/watch?v=IAXDfkrEalE&index=62&list=PLI6bDyv0uVQBDIuRCrzQGFF2WaXIXvjb5,"00:17:35,819","00:17:41,189",그 손가락 끝의 굳은살을 감수하고 계시는  모든 분들에게 박수를 드리면서
16294,https://www.youtube.com/watch?v=rnkf8Uz374g&list=PLI6bDyv0uVQBDIuRCrzQGFF2WaXIXvjb5&index=107,"00:00:05,219","00:00:14,609",(박수)
16776,https://www.youtube.com/watch?v=LyG4q4dWfjw&list=PLI6bDyv0uVQBDIuRCrzQGFF2WaXIXvjb5&index=109,"00:00:04,663","00:00:19,639",(환호와 박수)
17181,https://www.youtube.com/watch?v=OQ-dWuMo6cU&list=PLI6bDyv0uVQBDIuRCrzQGFF2WaXIXvjb5&index=110,"00:06:08,027","00:06:10,987",(박수)
17196,https://www.youtube.com/watch?v=OQ-dWuMo6cU&list=PLI6bDyv0uVQBDIuRCrzQGFF2WaXIXvjb5&index=110,"00:07:16,467","00:07:23,027",(박수)
17255,https://www.youtube.com/watch?v=OQ-dWuMo6cU&list=PLI6bDyv0uVQBDIuRCrzQGFF2WaXIXvjb5&index=110,"00:11:21,130","00:11:23,480",(박수)
17266,https://www.youtube.com/watch?v=OQ-dWuMo6cU&list=PLI6bDyv0uVQBDIuRCrzQGFF2WaXIXvjb5&index=110,"00:12:08,681","00:12:13,221",(박수)
17306,https://www.youtube.com/watch?v=OQ-dWuMo6cU&list=PLI6bDyv0uVQBDIuRCrzQGFF2WaXIXvjb5&index=110,"00:14:59,063","00:15:07,503",(좌석에서 시음권을 발견한  관객들의 박수와 환호)
17309,https://www.youtube.com/watch?v=OQ-dWuMo6cU&list=PLI6bDyv0uVQBDIuRCrzQGFF2WaXIXvjb5&index=110,"00:15:16,684","00:15:22,534",(박수와 환호)
17547,https://www.youtube.com/watch?v=XScA9iEPe5Y&list=PLI6bDyv0uVQBDIuRCrzQGFF2WaXIXvjb5&index=112,"00:00:04,220","00:00:11,192",(박수)
17565,https://www.youtube.com/watch?v=XScA9iEPe5Y&list=PLI6bDyv0uVQBDIuRCrzQGFF2WaXIXvjb5&index=112,"00:04:32,795","00:04:52,457",(박수)
17571,https://www.youtube.com/watch?v=XScA9iEPe5Y&list=PLI6bDyv0uVQBDIuRCrzQGFF2WaXIXvjb5&index=112,"00:05:03,891","00:05:08,187",(박수)
17673,https://www.youtube.com/watch?v=XScA9iEPe5Y&list=PLI6bDyv0uVQBDIuRCrzQGFF2WaXIXvjb5&index=112,"00:11:00,182","00:11:04,235",(박수)
17693,https://www.youtube.com/watch?v=XScA9iEPe5Y&list=PLI6bDyv0uVQBDIuRCrzQGFF2WaXIXvjb5&index=112,"00:12:21,353","00:12:25,283",(박수)
18128,https://www.youtube.com/watch?v=4FqDHKDsoDE&list=PLI6bDyv0uVQBDIuRCrzQGFF2WaXIXvjb5&index=114,"00:07:04,427","00:07:13,595",그리고 나서 눈을 떳는데 모든사람이 일어나서 기립박수를 치는 거예요.
18218,https://www.youtube.com/watch?v=r99ob-WyD20&index=72&list=PLI6bDyv0uVQBDIuRCrzQGFF2WaXIXvjb5,"00:00:34,501","00:00:37,181",(박수)
18613,https://www.youtube.com/watch?v=NQxBoQFmQdY&index=73&list=PLI6bDyv0uVQBDIuRCrzQGFF2WaXIXvjb5,"00:09:26,981","00:09:31,561",(박수)
18642,https://www.youtube.com/watch?v=NQxBoQFmQdY&index=73&list=PLI6bDyv0uVQBDIuRCrzQGFF2WaXIXvjb5,"00:11:07,604","00:11:12,435",(박수)
18983,https://www.youtube.com/watch?v=c2CJllQHkDs&list=PLI6bDyv0uVQBDIuRCrzQGFF2WaXIXvjb5&index=76,"00:00:09,273","00:00:14,487",(박수)
18986,https://www.youtube.com/watch?v=c2CJllQHkDs&list=PLI6bDyv0uVQBDIuRCrzQGFF2WaXIXvjb5&index=76,"00:00:21,733","00:00:24,533",(박수)
19205,https://www.youtube.com/watch?v=c2CJllQHkDs&list=PLI6bDyv0uVQBDIuRCrzQGFF2WaXIXvjb5&index=76,"00:13:06,999","00:13:12,439",(박수)
19538,https://www.youtube.com/watch?v=QPkdqUG379Y&list=PLI6bDyv0uVQBDIuRCrzQGFF2WaXIXvjb5&index=116,"00:05:56,611","00:05:58,358",박수 쳐 주세요
19539,https://www.youtube.com/watch?v=QPkdqUG379Y&list=PLI6bDyv0uVQBDIuRCrzQGFF2WaXIXvjb5&index=116,"00:05:58,358","00:06:00,475",(박수)
19647,https://www.youtube.com/watch?v=QPkdqUG379Y&list=PLI6bDyv0uVQBDIuRCrzQGFF2WaXIXvjb5&index=116,"00:11:25,535","00:11:28,972",(박수)
19675,https://www.youtube.com/watch?v=QPkdqUG379Y&list=PLI6bDyv0uVQBDIuRCrzQGFF2WaXIXvjb5&index=116,"00:12:45,414","00:12:48,830",(박수)
19704,https://www.youtube.com/watch?v=QPkdqUG379Y&list=PLI6bDyv0uVQBDIuRCrzQGFF2WaXIXvjb5&index=116,"00:14:17,659","00:14:20,202",(박수)
19718,https://www.youtube.com/watch?v=QPkdqUG379Y&list=PLI6bDyv0uVQBDIuRCrzQGFF2WaXIXvjb5&index=116,"00:15:00,943","00:15:06,334",(박수)
19762,https://www.youtube.com/watch?v=QPkdqUG379Y&list=PLI6bDyv0uVQBDIuRCrzQGFF2WaXIXvjb5&index=116,"00:16:59,278","00:17:04,030",(박수)
19763,https://www.youtube.com/watch?v=LG0cLnZDYdg&list=PLI6bDyv0uVQBDIuRCrzQGFF2WaXIXvjb5&index=79,"00:00:04,014","00:00:08,188",(박수)
19765,https://www.youtube.com/watch?v=LG0cLnZDYdg&list=PLI6bDyv0uVQBDIuRCrzQGFF2WaXIXvjb5&index=79,"00:00:13,914","00:00:16,104",(박수)
19891,https://www.youtube.com/watch?v=LG0cLnZDYdg&list=PLI6bDyv0uVQBDIuRCrzQGFF2WaXIXvjb5&index=79,"00:08:11,905","00:08:14,189",(박수)
20011,https://www.youtube.com/watch?v=MJUxnjMvTi0&index=80&list=PLI6bDyv0uVQBDIuRCrzQGFF2WaXIXvjb5,"00:00:04,463","00:00:12,031",(박수와 환호)
20090,https://www.youtube.com/watch?v=MJUxnjMvTi0&index=80&list=PLI6bDyv0uVQBDIuRCrzQGFF2WaXIXvjb5,"00:05:06,992","00:05:12,910",(박수)
20210,https://www.youtube.com/watch?v=MJUxnjMvTi0&index=80&list=PLI6bDyv0uVQBDIuRCrzQGFF2WaXIXvjb5,"00:12:44,835","00:12:49,758",(박수)
20267,https://www.youtube.com/watch?v=EysAiY8Lg8o&list=PLI6bDyv0uVQBDIuRCrzQGFF2WaXIXvjb5&index=81,"00:00:07,710","00:00:10,243",(박수)
20394,https://www.youtube.com/watch?v=EysAiY8Lg8o&list=PLI6bDyv0uVQBDIuRCrzQGFF2WaXIXvjb5&index=81,"00:09:26,509","00:09:32,716",(박수)
20455,https://www.youtube.com/watch?v=EysAiY8Lg8o&list=PLI6bDyv0uVQBDIuRCrzQGFF2WaXIXvjb5&index=81,"00:13:06,449","00:13:10,559",(박수)
20457,https://www.youtube.com/watch?v=EysAiY8Lg8o&list=PLI6bDyv0uVQBDIuRCrzQGFF2WaXIXvjb5&index=81,"00:16:47,461","00:16:53,082",(박수와 환호)
20458,https://www.youtube.com/watch?v=EysAiY8Lg8o&list=PLI6bDyv0uVQBDIuRCrzQGFF2WaXIXvjb5&index=81,"00:17:00,782","00:17:02,686",여러분 다시 한 번  박수 부탁드릴께요!
20459,https://www.youtube.com/watch?v=EysAiY8Lg8o&list=PLI6bDyv0uVQBDIuRCrzQGFF2WaXIXvjb5&index=81,"00:17:02,686","00:17:05,266",(박수와 환호)
20483,https://www.youtube.com/watch?v=EysAiY8Lg8o&list=PLI6bDyv0uVQBDIuRCrzQGFF2WaXIXvjb5&index=81,"00:19:30,260","00:19:34,500",(박수)
20493,https://www.youtube.com/watch?v=EysAiY8Lg8o&list=PLI6bDyv0uVQBDIuRCrzQGFF2WaXIXvjb5&index=81,"00:20:04,811","00:20:07,731",(박수)
20816,https://www.youtube.com/watch?v=MpBlz_3VNIs&list=PLI6bDyv0uVQBDIuRCrzQGFF2WaXIXvjb5&index=83,"00:00:07,723","00:00:11,583",(환호와 박수)
21082,https://www.youtube.com/watch?v=MpBlz_3VNIs&list=PLI6bDyv0uVQBDIuRCrzQGFF2WaXIXvjb5&index=83,"00:15:35,195","00:15:36,465",오~ (박수)
21105,https://www.youtube.com/watch?v=2XK4kEL7D1M&list=PLI6bDyv0uVQBDIuRCrzQGFF2WaXIXvjb5&index=84,"00:00:03,890","00:00:12,520",(박수)
21416,https://www.youtube.com/watch?v=2XK4kEL7D1M&list=PLI6bDyv0uVQBDIuRCrzQGFF2WaXIXvjb5&index=84,"00:14:47,754","00:14:50,380",(박수)
21417,https://www.youtube.com/watch?v=AhfumgOTyUI&list=PLI6bDyv0uVQBDIuRCrzQGFF2WaXIXvjb5&index=85,"00:00:07,868","00:00:12,717",(박수와 환호)
21420,https://www.youtube.com/watch?v=AhfumgOTyUI&list=PLI6bDyv0uVQBDIuRCrzQGFF2WaXIXvjb5&index=85,"00:00:15,533","00:00:19,467",(박수와 환호)
21829,https://www.youtube.com/watch?v=B4yEaO9ZT88&index=86&list=PLI6bDyv0uVQBDIuRCrzQGFF2WaXIXvjb5,"00:00:04,310","00:00:10,246",(박수)
21939,https://www.youtube.com/watch?v=B4yEaO9ZT88&index=86&list=PLI6bDyv0uVQBDIuRCrzQGFF2WaXIXvjb5,"00:07:26,315","00:07:30,045",(박수)
21982,https://www.youtube.com/watch?v=B4yEaO9ZT88&index=86&list=PLI6bDyv0uVQBDIuRCrzQGFF2WaXIXvjb5,"00:09:59,684","00:10:06,394",(웃음과 박수)
22039,https://www.youtube.com/watch?v=B4yEaO9ZT88&index=86&list=PLI6bDyv0uVQBDIuRCrzQGFF2WaXIXvjb5,"00:13:15,651","00:13:21,761",(박수)
22047,https://www.youtube.com/watch?v=B4yEaO9ZT88&index=86&list=PLI6bDyv0uVQBDIuRCrzQGFF2WaXIXvjb5,"00:13:53,221","00:13:59,061",(박수)
22068,https://www.youtube.com/watch?v=B4yEaO9ZT88&index=86&list=PLI6bDyv0uVQBDIuRCrzQGFF2WaXIXvjb5,"00:15:15,941","00:15:20,941","""박수 받을 자리에 서지 않는 것도 어쩌면 현명한 일일 수도 있어"""
22090,https://www.youtube.com/watch?v=1CdWEC6WZwM&list=PLI6bDyv0uVQBDIuRCrzQGFF2WaXIXvjb5&index=87,"00:00:04,490","00:00:10,054",(박수와 환호)
22092,https://www.youtube.com/watch?v=1CdWEC6WZwM&list=PLI6bDyv0uVQBDIuRCrzQGFF2WaXIXvjb5&index=87,"00:00:20,256","00:00:23,526",(박수)
22496,https://www.youtube.com/watch?v=v89KQY4jG5E&list=PLI6bDyv0uVQBDIuRCrzQGFF2WaXIXvjb5&index=88,"00:00:05,043","00:00:08,290",(박수)
22498,https://www.youtube.com/watch?v=v89KQY4jG5E&list=PLI6bDyv0uVQBDIuRCrzQGFF2WaXIXvjb5&index=88,"00:00:15,224","00:00:17,546",(박수)
22757,https://www.youtube.com/watch?v=HKl99Bg6be4&list=PLI6bDyv0uVQBDIuRCrzQGFF2WaXIXvjb5&index=118,"00:00:40,620","00:00:46,720",(관객 박수)
22924,https://www.youtube.com/watch?v=HKl99Bg6be4&list=PLI6bDyv0uVQBDIuRCrzQGFF2WaXIXvjb5&index=118,"00:07:54,287","00:07:56,478",보통 사람들이 이렇게 박수를 쳐주세요
22925,https://www.youtube.com/watch?v=HKl99Bg6be4&list=PLI6bDyv0uVQBDIuRCrzQGFF2WaXIXvjb5&index=118,"00:07:56,478","00:08:00,346",쳐주시는데 항상 박수 뒤에는 씁쓸한 질문을 하십니다
23124,https://www.youtube.com/watch?v=t2efTQJjQ3o&list=PLI6bDyv0uVQBDIuRCrzQGFF2WaXIXvjb5&index=90,"00:00:10,928","00:00:18,488",(박수와 환호)
23270,https://www.youtube.com/watch?v=t2efTQJjQ3o&list=PLI6bDyv0uVQBDIuRCrzQGFF2WaXIXvjb5&index=90,"00:07:00,602","00:07:03,893",(박수)
23307,https://www.youtube.com/watch?v=t2efTQJjQ3o&list=PLI6bDyv0uVQBDIuRCrzQGFF2WaXIXvjb5&index=90,"00:08:55,378","00:08:59,530",(박수)
23313,https://www.youtube.com/watch?v=t2efTQJjQ3o&list=PLI6bDyv0uVQBDIuRCrzQGFF2WaXIXvjb5&index=90,"00:09:20,892","00:09:23,383",(박수)
23695,https://www.youtube.com/watch?v=aij9Q_tEO-I&list=PLI6bDyv0uVQBDIuRCrzQGFF2WaXIXvjb5&index=92,"00:00:04,161","00:00:08,231",(박수)
23962,https://www.youtube.com/watch?v=TBqKHlWnaUs&list=PLI6bDyv0uVQBDIuRCrzQGFF2WaXIXvjb5&index=94,"00:00:23,974","00:00:26,524",(박수)
24032,https://www.youtube.com/watch?v=TBqKHlWnaUs&list=PLI6bDyv0uVQBDIuRCrzQGFF2WaXIXvjb5&index=94,"00:05:49,343","00:05:54,333",(박수)
24051,https://www.youtube.com/watch?v=TBqKHlWnaUs&list=PLI6bDyv0uVQBDIuRCrzQGFF2WaXIXvjb5&index=94,"00:07:24,336","00:07:26,746",(박수)
24058,https://www.youtube.com/watch?v=TBqKHlWnaUs&list=PLI6bDyv0uVQBDIuRCrzQGFF2WaXIXvjb5&index=94,"00:08:02,478","00:08:06,028",(박수)
24124,https://www.youtube.com/watch?v=TBqKHlWnaUs&list=PLI6bDyv0uVQBDIuRCrzQGFF2WaXIXvjb5&index=94,"00:13:29,503","00:13:31,930",(박수)
24138,https://www.youtube.com/watch?v=TBqKHlWnaUs&list=PLI6bDyv0uVQBDIuRCrzQGFF2WaXIXvjb5&index=94,"00:14:34,624","00:14:41,189",(박수)
24165,https://www.youtube.com/watch?v=0xK5ytIsE2Q&index=119&list=PLI6bDyv0uVQBDIuRCrzQGFF2WaXIXvjb5,"00:00:04,271","00:00:15,262",(박수와 환호)
24271,https://www.youtube.com/watch?v=0xK5ytIsE2Q&index=119&list=PLI6bDyv0uVQBDIuRCrzQGFF2WaXIXvjb5,"00:06:28,812","00:06:31,504",물론 일등은 박수를 받습니다
24272,https://www.youtube.com/watch?v=0xK5ytIsE2Q&index=119&list=PLI6bDyv0uVQBDIuRCrzQGFF2WaXIXvjb5,"00:06:31,504","00:06:37,310",꼴등은요 박수는 기본적으로 받고 다른 사람들한테 감동을 줍니다
24409,https://www.youtube.com/watch?v=0xK5ytIsE2Q&index=119&list=PLI6bDyv0uVQBDIuRCrzQGFF2WaXIXvjb5,"00:15:37,882","00:15:41,424",(박수)
24411,https://www.youtube.com/watch?v=ZL-UCOjf4iQ&index=96&list=PLI6bDyv0uVQBDIuRCrzQGFF2WaXIXvjb5,"00:00:15,021","00:00:20,759",(박수와 환호)
24428,https://www.youtube.com/watch?v=ZL-UCOjf4iQ&index=96&list=PLI6bDyv0uVQBDIuRCrzQGFF2WaXIXvjb5,"00:01:10,473","00:01:13,555",(박수)
24507,https://www.youtube.com/watch?v=ZL-UCOjf4iQ&index=96&list=PLI6bDyv0uVQBDIuRCrzQGFF2WaXIXvjb5,"00:05:04,534","00:05:08,520",(웃음과 박수)
24589,https://www.youtube.com/watch?v=ZL-UCOjf4iQ&index=96&list=PLI6bDyv0uVQBDIuRCrzQGFF2WaXIXvjb5,"00:08:48,025","00:08:51,380",(박수)
24614,https://www.youtube.com/watch?v=ZL-UCOjf4iQ&index=96&list=PLI6bDyv0uVQBDIuRCrzQGFF2WaXIXvjb5,"00:09:45,742","00:09:47,664",(박수)
24657,https://www.youtube.com/watch?v=ZL-UCOjf4iQ&index=96&list=PLI6bDyv0uVQBDIuRCrzQGFF2WaXIXvjb5,"00:11:45,510","00:11:49,164",(웃음과 박수)
25081,https://www.youtube.com/watch?v=wbVMLu1iXWo&index=98&list=PLI6bDyv0uVQBDIuRCrzQGFF2WaXIXvjb5,"00:03:57,561","00:03:58,825",한번 박수 한번 칠까요
25082,https://www.youtube.com/watch?v=wbVMLu1iXWo&index=98&list=PLI6bDyv0uVQBDIuRCrzQGFF2WaXIXvjb5,"00:03:58,825","00:04:01,829",(박수)
25214,https://www.youtube.com/watch?v=wbVMLu1iXWo&index=98&list=PLI6bDyv0uVQBDIuRCrzQGFF2WaXIXvjb5,"00:11:06,296","00:11:09,501",박수 치면서 힘차게  불러 보도록 하겠습니다
25306,https://www.youtube.com/watch?v=dnGyOipKyfk&index=99&list=PLI6bDyv0uVQBDIuRCrzQGFF2WaXIXvjb5,"00:02:22,054","00:02:25,055",(박수)
25379,https://www.youtube.com/watch?v=dnGyOipKyfk&index=99&list=PLI6bDyv0uVQBDIuRCrzQGFF2WaXIXvjb5,"00:05:56,479","00:05:59,261",(웃음과 박수)
26116,https://www.youtube.com/watch?v=rxOz8PV_d50&list=PLI6bDyv0uVQBDIuRCrzQGFF2WaXIXvjb5&index=102,"00:01:05,388","00:01:07,199",박수 받고 갈채를 받을까?
